{"cameraMode":{"drawMode":0,"name":"Shaded","section":"Shading Mode"},"sceneLighting":true,"audioPlay":false,"sceneViewState":{"showFog":true,"showMaterialUpdate":true,"showSkybox":true,"showFlares":true,"showImageEffects":true,"showParticleSystems":true},"in2DMode":false,"pivot":{"x":16.323505401611329,"y":-1.2063217163085938,"z":6.507384777069092},"rotation":{"x":-0.18026557564735413,"y":-0.5526547431945801,"z":0.12388017028570175,"w":-0.8041965365409851},"size":20.33529281616211,"orthographic":false}